{"algorithm":"append_inverse","piece":"piece1","epsilon":0.05,"compiled":[0.754624247843409,0.428853368140885,0.303965819906290,0.392723584127163],"appended_inverse":[0.754624247843409,-0.428853368140885,-0.303965819906290,-0.392723584127163],"instructions":[[0.932327345606034,0.361615431964962,0.000000000000000,0.000000000000000],[0.896052497525525,0.000000000000000,0.443948106965520,0.000000000000000],[0.958243875512697,0.000000000000000,0.000000000000000,0.285952225104836],[0.754624247843409,-0.428853368140885,-0.303965819906290,-0.392723584127163]],"states":[[1.000000000000000,0.000000000000000,0.000000000000000,0.000000000000000],[0.932327345606034,0.361615431964962,0.000000000000000,0.000000000000000],[0.835414246541631,0.324026410955976,0.413904960153987,0.160538486470364],[0.754624247843409,0.428853368140885,0.303965819906290,0.392723584127163],[1.000000000000000,0.000000000000000,0.000000000000000,0.000000000000000]],"sigmas":[0.000000000000000,0.370000000000000,0.581910277539545,0.715715051731331,0.000000000000000],"branches":["Start","Continue","Continue","Continue","Closure"],"running_products":[[1.000000000000000,0.000000000000000,0.000000000000000,0.000000000000000],[0.932327345606034,0.361615431964962,0.000000000000000,0.000000000000000],[0.835414246541631,0.324026410955976,0.413904960153987,0.160538486470364],[0.754624247843409,0.428853368140885,0.303965819906290,0.392723584127163]]}
