{"algorithm":"append_inverse","piece":"piece2","epsilon":0.05,"compiled":[0.754193844594955,0.055175229305886,0.341974245228844,0.557853882702528],"appended_inverse":[0.754193844594955,-0.055175229305886,-0.341974245228844,-0.557853882702528],"instructions":[[0.904751663219963,0.425939465066000,0.000000000000000,0.000000000000000],[0.862807070514761,0.000000000000000,0.505533341204847,0.000000000000000],[0.950796378914053,0.000000000000000,0.000000000000000,-0.309816471227603],[0.937646488819349,0.000000000000000,0.347590365235784,0.000000000000000],[0.896052497525525,-0.443948106965520,0.000000000000000,0.000000000000000],[0.959661652657401,0.000000000000000,0.000000000000000,0.281157451295294],[0.970137324972635,0.242556324788572,0.000000000000000,0.000000000000000],[0.913088940312308,0.000000000000000,-0.407760453059570,0.000000000000000],[0.849900440269831,0.000000000000000,0.000000000000000,0.526943300203301],[0.942754665528346,-0.333487092140814,0.000000000000000,0.000000000000000],[0.926798432673185,0.000000000000000,0.375559136747501,0.000000000000000],[0.965092500881330,0.000000000000000,0.000000000000000,-0.261909268149524],[0.754193844594955,-0.055175229305886,-0.341974245228844,-0.557853882702528]],"states":[[1.000000000000000,0.000000000000000,0.000000000000000,0.000000000000000],[0.904751663219964,0.425939465066000,0.000000000000000,0.000000000000000],[0.780626132086174,0.367503582070220,0.457382131268231,0.215326600925820],[0.808928227333490,0.207716557158225,0.548735937150325,-0.037119081146850],[0.567753387254025,0.207666935462104,0.795695982746380,0.037395697862603],[0.600930183505278,-0.065972565320396,0.696383623336164,0.386756233726820],[0.467950256087191,0.132482103595558,0.686841337175228,0.540111125234589],[0.421841637512289,0.242030127889323,0.797337787042125,0.357384251764953],[0.710301751061517,0.366722197414147,0.556029977809853,0.227633293126152],[0.483735932235576,0.604673628558096,0.279328317980602,0.567754384892528],[0.657695157080867,0.408739195039831,0.073999316122392,0.628405483747543],[0.581759721476461,0.142815424331391,0.315585875637423,0.735910956664484],[0.754193844594955,0.055175229305886,0.341974245228844,0.557853882702528],[1.000000000000000,0.000000000000000,-0.000000000000000,0.000000000000000]],"sigmas":[0.000000000000000,0.440000000000000,0.675129321275778,0.628469534537438,0.967022174024414,0.926131980937564,1.083826334976158,1.135320752790784,0.780869523919348,1.065878032186975,0.853041394219025,0.949905786656642,0.716370749894740,0.000000000000000],"branches":["Start","Continue","Continue","Continue","Continue","Continue","Continue","Continue","Continue","Continue","Continue","Continue","Continue","Closure"],"running_products":[[1.000000000000000,0.000000000000000,0.000000000000000,0.000000000000000],[0.904751663219964,0.425939465066000,0.000000000000000,0.000000000000000],[0.780626132086174,0.367503582070220,0.457382131268231,0.215326600925820],[0.808928227333490,0.207716557158225,0.548735937150325,-0.037119081146850],[0.567753387254025,0.207666935462104,0.795695982746380,0.037395697862603],[0.600930183505278,-0.065972565320396,0.696383623336164,0.386756233726820],[0.467950256087191,0.132482103595558,0.686841337175228,0.540111125234589],[0.421841637512289,0.242030127889323,0.797337787042125,0.357384251764953],[0.710301751061517,0.366722197414147,0.556029977809853,0.227633293126152],[0.483735932235576,0.604673628558096,0.279328317980602,0.567754384892528],[0.657695157080867,0.408739195039831,0.073999316122392,0.628405483747543],[0.581759721476461,0.142815424331391,0.315585875637423,0.735910956664484],[0.754193844594955,0.055175229305886,0.341974245228844,0.557853882702528]]}
